{
  "epoch": [
    1,
    2,
    3,
    4,
    5,
    6,
    7,
    8,
    9,
    10,
    11,
    12,
    13,
    14,
    15,
    16,
    17,
    18,
    19,
    20,
    21,
    22,
    23,
    24,
    25,
    26,
    27,
    28,
    29,
    30,
    31,
    32,
    33,
    34,
    35,
    36,
    37,
    38,
    39,
    40
  ],
  "train_loss": [
    1.5351463238902823,
    1.196085186811982,
    1.0625979070057945,
    0.9713807116866743,
    0.8936865491589541,
    0.7761767723194506,
    0.7426610040412378,
    0.7067741428228913,
    0.6785090871336599,
    0.6487208447380671,
    0.6010878723954397,
    0.5855750414051076,
    0.572190169796111,
    0.5594518116794566,
    0.5465330717424867,
    0.524285888671875,
    0.5179918969623626,
    0.5115114568024085,
    0.505449642352957,
    0.4999762384222929,
    0.4891700220991064,
    0.48610919030885846,
    0.48339457263391483,
    0.48034403569483886,
    0.4769224722360177,
    0.47246821977474074,
    0.4706562353000439,
    0.4693561561271627,
    0.46795256194614226,
    0.46654908660858396,
    0.46393843838146753,
    0.4631819461767005,
    0.4625734227296537,
    0.4617557907167566,
    0.46095751635612003,
    0.45979903242575426,
    0.4593521825220219,
    0.4590123743733401,
    0.45866947450335066,
    0.45830130008162645
  ],
  "train_accuracy": [
    0.4428042328042328,
    0.5765079365079365,
    0.6296296296296297,
    0.6665608465608466,
    0.699047619047619,
    0.7457671957671957,
    0.7617460317460317,
    0.7746560846560847,
    0.7874074074074074,
    0.7978835978835979,
    0.8197354497354498,
    0.8244444444444444,
    0.8301587301587302,
    0.8360846560846561,
    0.8407936507936508,
    0.8497354497354498,
    0.8538095238095238,
    0.8563492063492063,
    0.8584656084656085,
    0.8598412698412699,
    0.8662962962962963,
    0.867037037037037,
    0.8675661375661375,
    0.8695767195767196,
    0.8688888888888889,
    0.8732275132275132,
    0.8726455026455027,
    0.8728571428571429,
    0.8735978835978836,
    0.8744973544973546,
    0.8756613756613757,
    0.8767195767195767,
    0.8763492063492063,
    0.8762962962962964,
    0.8772486772486773,
    0.8779365079365079,
    0.8776190476190476,
    0.8774603174603175,
    0.8778306878306879,
    0.8787301587301587
  ],
  "val_loss": [
    1.3460563586670675,
    1.346865190576624,
    1.2066223140999124,
    1.173907599243117,
    1.1242829133846142,
    1.036313214596407,
    1.0311283904829143,
    1.0631533282774466,
    1.02574650393592,
    1.0525440846843483,
    0.9980413647345555,
    1.0094150842855005,
    1.012435697066931,
    1.0047757731543647,
    1.0144516507784525,
    0.9927181717201515,
    0.9963845410170379,
    1.004049771214709,
    0.9941555537412196,
    0.9955223302782318,
    0.9921186019756176,
    0.9954435402375681,
    0.9906821038399214,
    0.9914818479396679,
    0.9962063616882136,
    0.9915272215854974,
    0.9926356097798289,
    0.9953217362474512,
    0.992858377798104,
    0.9928165896144914,
    0.9928942812224965,
    0.9934440389091586,
    0.9922638860160922,
    0.994885265003016,
    0.9956944592205095,
    0.9936543964750972,
    0.9935285602969888,
    0.9928507470495906,
    0.9934028810041922,
    0.993650830557317
  ],
  "val_accuracy": [
    0.49407407407407405,
    0.4925925925925926,
    0.5743209876543209,
    0.5935802469135802,
    0.5995061728395061,
    0.6288888888888889,
    0.6375308641975309,
    0.6281481481481481,
    0.6377777777777778,
    0.6350617283950617,
    0.6530864197530865,
    0.6424691358024691,
    0.642962962962963,
    0.6414814814814814,
    0.6444444444444445,
    0.6560493827160494,
    0.6508641975308642,
    0.6471604938271605,
    0.6493827160493827,
    0.6511111111111111,
    0.6550617283950617,
    0.654320987654321,
    0.6538271604938272,
    0.654074074074074,
    0.6496296296296297,
    0.6553086419753087,
    0.6525925925925926,
    0.6506172839506172,
    0.654320987654321,
    0.6523456790123456,
    0.6538271604938272,
    0.6535802469135803,
    0.6538271604938272,
    0.6528395061728395,
    0.6520987654320988,
    0.6525925925925926,
    0.6530864197530865,
    0.6538271604938272,
    0.654074074074074,
    0.6535802469135803
  ],
  "lr": [
    0.0125,
    0.0125,
    0.0125,
    0.0125,
    0.00625,
    0.00625,
    0.00625,
    0.00625,
    0.00625,
    0.003125,
    0.003125,
    0.003125,
    0.003125,
    0.003125,
    0.0015625,
    0.0015625,
    0.0015625,
    0.0015625,
    0.0015625,
    0.00078125,
    0.00078125,
    0.00078125,
    0.00078125,
    0.00078125,
    0.000390625,
    0.000390625,
    0.000390625,
    0.000390625,
    0.000390625,
    0.0001953125,
    0.0001953125,
    0.0001953125,
    0.0001953125,
    0.0001953125,
    9.765625e-05,
    9.765625e-05,
    9.765625e-05,
    9.765625e-05,
    9.765625e-05,
    4.8828125e-05
  ]
}